﻿{"cameraMode":{"drawMode":0,"name":"Shaded","section":"Shading Mode"},"sceneLighting":true,"audioPlay":false,"sceneViewState":{"showFog":true,"showMaterialUpdate":false,"showSkybox":true,"showFlares":true,"showImageEffects":true,"showParticleSystems":true},"in2DMode":false,"pivot":{"x":-1.7186263799667359,"y":1.1353211402893067,"z":-1.1757829189300538},"rotation":{"x":0.11838631331920624,"y":0.26931318640708926,"z":-0.033370889723300937,"w":0.9551971554756165},"size":12.962813377380371,"orthographic":false}